name,full_name,position,price
Aït-Nouri,Rayan Aït-Nouri,Defender,4.9
Bensebaini,Ramy Bensebaini,Defender,4.4
Mandi,Aïssa Mandi,Defender,3.9
Belaïd,Zinéddine Belaïd,Defender,3.7
Belghali,Rafik Belghali,Defender,3.5
Abada,Achref Abada,Defender,3.5
Amoura,Mohammed Amoura,Forward,6.2
Gouiri,Amine Gouiri,Forward,6.2
Mahrez,Riyad Mahrez,Midfielder,6.5
Maza,Ibrahim Maza,Forward,5.4
Hadj Moussa,Anis Hadj Moussa,Forward,5.3
Ghedjemis,Farès Ghedjemis,Forward,4.4
Benbouali,Ahmed Benbouali,Forward,4.2
Zidane,Luca Zidane,Goalkeeper,3.8
Mastil,Melvin Mastil,Goalkeeper,3.5
Boulbina,Adil Boulbina,Midfielder,4
Titraoui,Yacine Titraoui,Midfielder,4.7
Zerrouki,Ramiz Zerrouki,Midfielder,5.3
Boudaoui,Hicham Boudaoui,Midfielder,5.5
Aouar,Houssem Aouar,Midfielder,6
Chaïbi,Farès Chaïbi,Midfielder,6.2
Romero,Cristian Romero,Defender,4.9
Molina,Nahuel Molina,Defender,4.4
Otamendi,Nicolás Otamendi,Defender,4.4
Tagliafico,Nicolás Tagliafico,Defender,4.3
Messi,Lionel Messi,Forward,10
Alvarez,Julián Alvarez,Forward,8.6
Simeone,Giuliano Simeone,Midfielder,5.6
González,Nico González,Midfielder,5.6
López,José Manuel López,Forward,5.3
Martínez,Emiliano Martínez,Goalkeeper,5
Rulli,Gerónimo Rulli,Goalkeeper,4.5
Musso,Juan Musso,Goalkeeper,4.3
Paredes,Leandro Paredes,Midfielder,5.6
De Paul,Rodrigo De Paul,Midfielder,5.9
Paz,Nico Paz,Midfielder,5.9
Barco,Valentín Barco,Midfielder,6.2
Palacios,Exequiel Palacios,Midfielder,6
Almada,Thiago Almada,Midfielder,6.5
Mac Allister,Alexis Mac Allister,Midfielder,6.6
Fernández,Enzo Fernández,Midfielder,7.5
Bos,Jordan Bos,Defender,4
Circati,Alessandro Circati,Defender,3.9
Burgess,Cameron Burgess,Defender,3.8
Degenek,Milos Degenek,Defender,3.8
Behich,Aziz Behich,Defender,3.8
Geria,Jason Geria,Defender,3.7
Trewin,Kai Trewin,Defender,3.5
Herrington,Lucas Herrington,Defender,3.5
Irankunda,Nestory Irankunda,Forward,5.1
Velupillay,Nishan Velupillay,Forward,4.4
Italiano,Jacob Italiano,Defender,4.2
Ryan,Mathew Ryan,Goalkeeper,4.1
Izzo,Paul Izzo,Goalkeeper,3.6
Beach,Patrick Beach,Goalkeeper,3.5
Okon,Paul Okon,Midfielder,4.7
Metcalfe,Connor Metcalfe,Midfielder,5.3
O'Neill,Aiden O'Neill,Midfielder,5.4
Mabil,Awer Mabil,Midfielder,5.6
Hrustic,Ajdin Hrustic,Midfielder,5.7
Alaba,David Alaba,Defender,4.6
Lienhart,Philipp Lienhart,Defender,4.3
Prass,Alexander Prass,Defender,4.3
Danso,Kevin Danso,Defender,4.3
Posch,Stefan Posch,Defender,4.3
Mwene,Phillipp Mwene,Defender,3.9
Friedl,Marco Friedl,Defender,4.3
Affengruber,David Affengruber,Defender,3.9
Svoboda,Michael Svoboda,Defender,3.8
Arnautovic,Marko Arnautovic,Forward,6
Gregoritsch,Michael Gregoritsch,Forward,6
Kalajdzic,Sasa Kalajdzic,Forward,6
Alexander Schlager,Alexander Schlager,Goalkeeper,4.6
Pentz,Patrick Pentz,Goalkeeper,4.6
Wiegele,Florian Wiegele,Goalkeeper,3.5
Chukwuemeka,Carney Chukwuemeka,Midfielder,5
Laimer,Konrad Laimer,Midfielder,5.8
Schöpf,Alessandro Schöpf,Midfielder,5.3
Grillitsch,Florian Grillitsch,Midfielder,5.5
Seiwald,Nicolas Seiwald,Midfielder,5.6
Sabitzer,Marcel Sabitzer,Midfielder,6.8
Schmid,Romano Schmid,Midfielder,6
Wimmer,Patrick Wimmer,Midfielder,6
Wanner,Paul Wanner,Midfielder,5.6
Xaver Schlager,Xaver Schlager,Midfielder,5.5
De Cuyper,Maxim De Cuyper,Defender,4.7
Castagne,Timothy Castagne,Defender,4.7
Theate,Arthur Theate,Defender,4.5
Meunier,Thomas Meunier,Defender,4.8
Debast,Zeno Debast,Defender,4.3
Witsel,Axel Witsel,Midfielder,5
De Winter,Koni De Winter,Defender,4.2
Mechele,Brandon Mechele,Defender,3.9
Seys,Joaquin Seys,Defender,3.9
Ngoy,Nathan Ngoy,Defender,3.7
Lukaku,Romelu Lukaku,Forward,7.4
Doku,Jérémy Doku,Midfielder,7.5
Lukébakio,Dodi Lukébakio,Forward,5.9
Saelemaekers,Alexis Saelemaekers,Midfielder,5.7
De Ketelaere,Charles De Ketelaere,Midfielder,5.6
Lammens,Senne Lammens,Goalkeeper,4.6
Raskin,Nicolas Raskin,Midfielder,5.3
Onana,Amadou Onana,Midfielder,5.9
Tielemans,Youri Tielemans,Midfielder,6.1
De Bruyne,Kevin De Bruyne,Midfielder,7.5
Kolasinac,Sead Kolasinac,Defender,4.3
Dedic,Amar Dedic,Defender,4.3
Muharemovic,Tarik Muharemovic,Defender,3.9
Katic,Nikola Katic,Defender,3.8
Radeljic,Stjepan Radeljic,Defender,3.7
Mujakic,Nihad Mujakic,Defender,3.6
Celik,Nidal Celik,Defender,3.5
Demirovic,Ermedin Demirovic,Forward,6.2
Dzeko,Edin Dzeko,Forward,6.1
Lukic,Jovo Lukic,Forward,5.6
Tabakovic,Haris Tabakovic,Forward,5.1
Bajraktarevic,Esmir Bajraktarevic,Forward,4.7
Bazdar,Samed Bazdar,Forward,4.5
Alajbegovic,Kerim Alajbegovic,Forward,4.2
Vasilj,Nikola Vasilj,Goalkeeper,4
Zlomislic,Martin Zlomislic,Goalkeeper,3.5
Memic,Amar Memic,Midfielder,4.7
Burnic,Dzenis Burnic,Midfielder,4.9
Sunjic,Ivan Sunjic,Midfielder,5.1
Gigovic,Armin Gigovic,Midfielder,5.1
Basic,Ivan Basic,Midfielder,5.1
Tahirovic,Benjamin Tahirovic,Midfielder,5.3
Hadziahmetovic,Amir Hadziahmetovic,Midfielder,5.5
Gabriel Magalhães,Gabriel dos Santos Magalhães,Defender,5.5
Marquinhos,Marcos Aoás Corrêa,Defender,5.2
Ibañez,Roger Ibañez da Silva,Defender,4.4
Danilo,Danilo Luiz da Silva,Defender,4.3
Douglas Santos,Douglas dos Santos Justino de Melo,Defender,4.3
Bremer,Gleison Bremer Silva Nascimento,Defender,4.3
Léo Pereira,Leonardo Pereira,Defender,4.2
Vinícius Júnior,Vinícius José Paixão de Oliveira Júnior,Midfielder,10
Matheus Cunha,Matheus Santos Carneiro da Cunha,Forward,7.3
Gabriel Martinelli,Gabriel Teodoro Martinelli Silva,Midfielder,6.5
Luiz Henrique,Luiz Henrique André Rosa da Silva,Forward,6.1
Igor Thiago,Igor Thiago Nascimento Rodrigues,Forward,5.9
Rayan,Rayan Vitor Simplício Rocha,Forward,5.6
Endrick,Endrick Felipe Moreira de Sousa,Forward,5.5
Ederson,Ederson Santana de Moraes,Goalkeeper,5
Alisson Becker,Alisson Ramsés Becker,Goalkeeper,5
Fabinho,Fábio Henrique Tavares,Midfielder,5.2
Danilo,Danilo dos Santos de Oliveira,Midfielder,5.6
Casemiro,Carlos Henrique Casimiro,Midfielder,6.3
Lucas Paquetá,Lucas Tolentino Coelho de Lima,Midfielder,6.5
João Paulo,João Paulo Moreira Fernandes,Midfielder,4.6
Yannick Semedo,Jair Semedo Monteiro,Midfielder,4.7
Kevin Pina,Kevin Lenini Gonçalves Pereira de Pina,Midfielder,4.7
Steven Moreira,Steven Moreira,Defender,3.9
Wagner Pina,Wagner Fabrício Cardoso de Pina,Defender,3.8
Pico,Roberto Carlos Lopes,Defender,3.7
Kelvin Pires,Kelvin Spencer Pires,Defender,3.6
Sidny Cabral,Sidny Lopes Cabral,Defender,3.5
Diney,Edilson Alberto Monteiro Sanches Borges,Defender,3.5
Ryan Mendes,Ryan Isaac Mendes da Graça,Forward,4.9
Jovane Cabral,Jovane Eduardo Borges Cabral,Forward,4.9
Dailon Livramento,Dailon Rocha Livramento do Rosário,Forward,4.9
Nuno da Costa,Nuno Miguel da Costa Jóia,Forward,4.7
Garry Rodrigues,Garry Mendes Rodrigues,Forward,4.7
Willy Semedo,Willy Johnson Semedo Afonso,Forward,4.5
Vozinha,Josimar José Évora Dias,Goalkeeper,3.9
CJ dos Santos,Carlos Joaquim Antunes dos Santos,Goalkeeper,3.6
Márcio da Rosa,Márcio Salomão Brazão da Rosa,Goalkeeper,3.5
Telmo Arcanjo,Telmo Emanuel Gomes Arcanjo,Midfielder,4.9
Deroy Duarte,Deroy d'Encarnação Duarte,Midfielder,4.9
Laros Duarte,Laros Michael d'Encarnação  Duarte,Midfielder,5.1
Laryea,Richie Laryea,Defender,3.9
Cornelius,Derek Cornelius,Defender,4
Waterman,Joel Waterman,Defender,3.7
De Fougerolles,Luc De Fougerolles,Defender,3.5
David,Jonathan David,Forward,7
Larin,Cyle Larin,Forward,6.2
Buchanan,Tajon Buchanan,Forward,5.5
Millar,Liam Millar,Forward,5.1
Oluwaseyi,Tani Oluwaseyi,Forward,4.9
Crépeau,Maxime Crépeau,Goalkeeper,4
St. Clair,Dayne St. Clair,Goalkeeper,3.8
Goodman,Owen Goodman,Goalkeeper,3.5
Ahmed,Ali Ahmed,Midfielder,4.9
Sigur,Niko Sigur,Midfielder,4.9
Saliba,Nathan Saliba,Midfielder,5.1
Choinière,Mathieu Choinière,Midfielder,5.3
Osorio,Jonathan Osorio,Midfielder,5.6
Koné,Ismaël Koné,Midfielder,6
Castaño,Kevin Castaño,Midfielder,4.3
Ríos,Richard Ríos,Midfielder,4.7
Muñoz,Daniel Muñoz,Defender,4.6
Lucumí,Jhon Lucumí,Defender,4.3
Sánchez,Dávinson Sánchez,Defender,4.3
Machado,Déiver Machado,Defender,3.9
Mojica,Johan Mojica,Defender,3.9
Arias,Santiago Arias,Defender,3.9
Díaz,Luis Díaz,Midfielder,8.1
Córdoba,Jhon Córdoba,Forward,6.1
Suárez,Luis Suárez,Forward,5.7
Gómez,Andrés Gómez,Forward,4.9
Vargas,Camilo Vargas,Goalkeeper,4.3
Ospina,David Ospina,Goalkeeper,4
Montero,Álvaro Montero,Goalkeeper,3.8
Lerma,Jefferson Lerma,Midfielder,4.9
Puerta,Gustavo Puerta,Midfielder,5.3
Quintero,Juan Fernando Quintero,Midfielder,5.6
Campaz,Jaminton Campaz,Midfielder,5.5
Arias,Jhon Arias,Midfielder,6.3
Rodríguez,James Rodríguez,Midfielder,6.5
Carrascal,Jorge Carrascal,Midfielder,6.1
Wan-Bissaka,Aaron Wan-Bissaka,Defender,4.3
Masuaku,Arthur Masuaku,Defender,4.2
Mbemba,Chancel Mbemba,Defender,4.2
Tuanzebe,Axel Tuanzebe,Defender,4
Kayembe,Joris Kayembe,Defender,3.9
Batubinsika,Dylan Batubinsika,Defender,3.8
Kapuadi,Steve Kapuadi,Defender,3.7
Wissa,Yoane Wissa,Forward,6.2
Banza,Simon Banza,Forward,5.6
Bakambu,Cédric Bakambu,Forward,6.5
Elia,Meschack Elia,Forward,4.9
Mayele,Fiston Mayele,Forward,4.9
Mbuku,Nathanaël Mbuku,Forward,4.5
Cipenga,Brian Cipenga,Forward,4.2
Mpasi,Lionel Mpasi,Goalkeeper,4
Epolo,Matthieu Epolo,Goalkeeper,3.7
Fayulu,Timothy Fayulu,Goalkeeper,3.6
Mukau,Ngal'ayel Mukau,Midfielder,4.9
Moutoussamy,Samuel Moutoussamy,Midfielder,5.1
Sadiki,Noah Sadiki,Midfielder,5.3
Pickel,Charles Pickel,Midfielder,5.3
Kayembe,Edo Kayembe,Midfielder,5.6
Bongonda,Théo Bongonda,Midfielder,6.2
Inao Oulaï,Christ Inao Oulaï,Midfielder,4.6
Ndicka,Evan Ndicka,Defender,4.4
Singo,Wilfried Singo,Defender,4.4
Diomande,Ousmane Diomande,Defender,4.3
Kossounou,Odilon Kossounou,Defender,4.3
Doué,Guéla Doué,Defender,3.9
Agbadou,Emmanuel Agbadou,Defender,3.9
Konan,Ghislain Konan,Defender,4
Diomande,Yan Diomande,Forward,5.9
Pépé,Nicolas Pépé,Forward,5.9
Wahi,Elye Wahi,Forward,5.9
Diallo,Amad Diallo,Forward,5.9
Adingra,Simon Adingra,Forward,5.6
Guessand,Evann Guessand,Forward,5.3
Touré,Bazoumana Touré,Forward,4.5
Lafont,Alban Lafont,Goalkeeper,4.1
Yahia Fofana,Yahia Fofana,Goalkeeper,4.2
Koné,Mohamed Koné,Goalkeeper,3.7
Guiagon,Parfait Guiagon,Midfielder,4.9
Seri,Jean Michaël Seri,Midfielder,5.5
Sangaré,Ibrahim Sangaré,Midfielder,5.8
Kessie,Franck Kessie,Midfielder,5.9
Seko Fofana,Seko Fofana,Midfielder,6.8
Sucic,Petar Sucic,Midfielder,4.2
Stanisic,Josip Stanisic,Defender,4.3
Sutalo,Josip Sutalo,Defender,4.3
Caleta-Car,Duje Caleta-Car,Defender,4
Pongracic,Marin Pongracic,Defender,4
Erlic,Martin Erlic,Defender,3.9
Vuskovic,Luka Vuskovic,Defender,3.7
Budimir,Ante Budimir,Forward,6.8
Kramaric,Andrej Kramaric,Forward,6.2
Perisic,Ivan Perisic,Forward,5.4
Pasalic,Marco Pasalic,Forward,5.3
Musa,Petar Musa,Forward,5.1
Matanovic,Igor Matanovic,Forward,4.9
Livakovic,Dominik Livakovic,Goalkeeper,4.5
Pandur,Ivor Pandur,Goalkeeper,3.9
Sucic,Luka Sucic,Midfielder,4.9
Fruk,Toni Fruk,Midfielder,4.9
Moro,Nikola Moro,Midfielder,5.6
Jakic,Kristijan Jakic,Midfielder,5.6
Vlasic,Nikola Vlasic,Midfielder,6.1
Modric,Luka Modric,Midfielder,6.2
Pasalic,Mario Pasalic,Midfielder,6.4
Baturina,Martin Baturina,Midfielder,6.5
Chong,Tahith Chong,Midfielder,4.2
Roemeratoe,Godfried Roemeratoe,Midfielder,4.7
Leandro Bacuna,Leandro Bacuna,Defender,4
Bazoer,Riechedly Bazoer,Defender,3.8
Brenet,Joshua Brenet,Defender,3.7
Sambo,Shurandy Sambo,Defender,3.6
Floranus,Sherel Floranus,Defender,3.6
van Eijma,Roshon van Eijma,Defender,3.5
Martha,Ar'Jany Martha,Defender,3.5
Gaari,Juriën Gaari,Defender,3.5
Comenencia,Livano Comenencia,Defender,4.5
Noslin,Tyrese Noslin,Defender,3.5
Kuwas,Brandley Kuwas,Forward,4.4
Hansen,Sontje Hansen,Forward,4.4
Gorré,Kenji Gorré,Forward,4.2
Margaritha,Jearl Margaritha,Forward,4.2
Kastaneer,Gervane Kastaneer,Forward,4
Antonisse,Jeremy Antonisse,Forward,4
Room,Eloy Room,Goalkeeper,3.9
Doornbusch,Trevor Doornbusch,Goalkeeper,3.6
Bodak,Tyrick Bodak,Goalkeeper,3.5
Felida,Kevin Felida,Midfielder,4.5
Bacuna,Juninho Bacuna,Midfielder,5.1
Visinsky,Denis Visinsky,Midfielder,4.9
Krejcí,Ladislav Krejcí,Defender,4.4
Holes,Tomás Holes,Defender,3.9
Jurásek,David Jurásek,Defender,3.9
Hranác,Robin Hranác,Defender,3.9
Zeleny,Jaroslav Zeleny,Defender,3.9
Coufal,Vladimír Coufal,Defender,3.6
Chaloupek,Stepán Chaloupek,Defender,3.5
Schick,Patrik Schick,Forward,7.3
Chory,Tomás Chory,Forward,5.3
Chytil,Mojmír Chytil,Forward,4.9
Kovár,Matej Kovár,Goalkeeper,4.1
Hornícek,Lukás Hornícek,Goalkeeper,3.8
Cerv,Lukás Cerv,Midfielder,5.3
Darida,Vladimír Darida,Midfielder,5.3
Soucek,Tomás Soucek,Midfielder,5.6
Sadílek,Michal Sadílek,Midfielder,5.6
Provod,Lukás Provod,Midfielder,5.9
Sulc,Pavel Sulc,Midfielder,5.9
Denil Castillo,Denil Castillo,Midfielder,4.9
Alcívar,Jordy Alcívar,Midfielder,4.9
Estupiñán,Pervis Estupiñán,Defender,4.8
Preciado,Ángelo Preciado,Defender,4.3
Joel Ordóñez,Joel Ordóñez,Defender,3.9
Torres,Félix Torres,Defender,3.9
Porozo,Jackson Porozo,Defender,3.8
Medina,Yaimar Medina,Defender,3.5
Enner Valencia,Enner Valencia,Forward,5.9
Plata,Gonzalo Plata,Forward,5.6
Yeboah,John Yeboah,Midfielder,5.1
Rodríguez,Kevin Rodríguez,Forward,4.9
Minda,Alan Minda,Forward,4.9
Jordy Caicedo,Jordy Caicedo,Forward,4.9
Anthony Valencia,Anthony Valencia,Midfielder,4.2
Arévalo,Jeremy Arévalo,Forward,4
Galíndez,Hernán Galíndez,Goalkeeper,4.2
Ramírez,Moisés Ramírez,Goalkeeper,3.9
Valle,Gonzalo Valle,Goalkeeper,3.6
Páez,Kendry Páez,Midfielder,5.2
Franco,Alan Franco,Midfielder,5.6
Vite,Pedro Vite,Midfielder,5.2
Moisés Caicedo,Moisés Caicedo,Midfielder,6.8
Marwan Attia,Marwan Attia Fahim Ghallab,Midfielder,4.3
Zizo,Ahmed Mostafa Mohamed Sayed,Midfielder,4.3
Hamdi Fathy,Hamdi Fathy Abdelhalim Abdel Fattah,Midfielder,4.4
Emam Ashour,Emam Ashour Metwally Abdel Ghany,Midfielder,4.6
Mahmoud Saber,Mahmoud Saber Abdelmohsen Hassan,Midfielder,4.9
Mohamed Abdelmonem,Mohamed Abdelmonem El Sayed Mohamed Ahmed,Defender,4
Ahmed Fatouh,Ahmed Mohamed Abou El Fotouh Mohamed,Defender,3.9
Mohamed Hany,Mohamed Hany Gamal El Demerdash,Defender,3.6
Ramy Rabia,Ramy Hisham Abdel Aziz Mostafa Rabia,Defender,3.6
Hossam Abdelmaguid,Hossam Abdelmaguid Abdelsalam Abdelmaguid,Defender,3.6
Tarek Alaa,Tarek Alaa El Gebaly,Defender,3.5
Yasser Ibrahim,Yasser Ahmed Ibrahim El Hanafi,Defender,3.5
Omar Marmoush,Omar Khaled Mohamed Abdelsalam Marmoush,Forward,7.8
Trezeguet,Mahmoud Ahmed Ibrahim Hassan,Forward,5.6
Hassan,Haissem Hassan,Forward,4.6
Mohamed El Shenawy,Mohamed El Sayed Mohamed El Shenawy Gomaa,Goalkeeper,3.6
El Mahdy Soliman,El Mahdy Mohamed Soliman Ibrahim,Goalkeeper,3.6
Mostafa Shobeir,Mostafa Ahmed Abdelaziz Mohamed Shobeir,Goalkeeper,3.5
Mohamed Alaa,Mohamed Alaa,Goalkeeper,3.5
Mohanad Lasheen,Mohanad Mostafa Ahmed Abdelmonem Lasheen,Midfielder,5.3
Ibrahim Adel,Ibrahim Adel Ali Mohamed Hassan,Midfielder,5.9
O'Reilly,Nico O'Reilly,Defender,4.7
Livramento,Tino Livramento,Defender,4.6
Guéhi,Marc Guéhi,Defender,5.1
Burn,Dan Burn,Defender,4.5
Konsa,Ezri Konsa,Defender,4.8
Stones,John Stones,Defender,4.6
Spence,Djed Spence,Defender,4.5
Kane,Harry Kane,Forward,10.5
Saka,Bukayo Saka,Midfielder,9.5
Rashford,Marcus Rashford,Midfielder,7.5
Gordon,Anthony Gordon,Midfielder,7
Rogers,Morgan Rogers,Midfielder,7.2
Madueke,Noni Madueke,Forward,6.1
Pickford,Jordan Pickford,Goalkeeper,4.8
Henderson,Dean Henderson,Goalkeeper,4.2
Trafford,James Trafford,Goalkeeper,4
Henderson,Jordan Henderson,Midfielder,5.1
Mainoo,Kobbie Mainoo,Midfielder,6.1
Anderson,Elliot Anderson,Midfielder,6.5
Rice,Declan Rice,Midfielder,7
Bellingham,Jude Bellingham,Midfielder,8.3
Hernández,Theo Hernández,Defender,5
Lacroix,Maxence Lacroix,Defender,4.5
Upamecano,Dayot Upamecano,Defender,5.3
Konaté,Ibrahima Konaté,Defender,4.9
Hernández,Lucas Hernández,Defender,5.2
Digne,Lucas Digne,Defender,5
Gusto,Malo Gusto,Defender,5.1
Mbappé,Kylian Mbappé,Forward,10.5
Dembélé,Ousmane Dembélé,Midfielder,10
Thuram,Marcus Thuram,Forward,7.5
Doué,Désiré Doué,Midfielder,7.5
Maignan,Mike Maignan,Goalkeeper,5
Samba,Brice Samba,Goalkeeper,4.5
Kanté,N'Golo Kanté,Midfielder,5.1
Rabiot,Adrien Rabiot,Midfielder,6.4
Zaïre-Emery,Warren Zaïre-Emery,Midfielder,6.1
Koné,Manu Koné,Midfielder,6.1
Akliouche,Maghnes Akliouche,Midfielder,6.4
Tchouaméni,Aurélien Tchouaméni,Midfielder,6.5
Cherki,Rayan Cherki,Midfielder,8
Olise,Michael Olise,Midfielder,9.5
Stiller,Angelo Stiller,Midfielder,5.8
Rüdiger,Antonio Rüdiger,Defender,5.5
Raum,David Raum,Defender,4.9
Thiaw,Malick Thiaw,Defender,4.7
Tah,Jonathan Tah,Defender,5.3
Brown,Nathaniel Brown,Defender,4.7
Schlotterbeck,Nico Schlotterbeck,Defender,5.3
Anton,Waldemar Anton,Defender,3.9
Havertz,Kai Havertz,Forward,7.8
Sané,Leroy Sané,Midfielder,7.4
Undav,Deniz Undav,Forward,6.6
Woltemade,Nick Woltemade,Forward,7.2
Nübel,Alexander Nübel,Goalkeeper,4.7
Baumann,Oliver Baumann,Goalkeeper,4.3
Groß,Pascal Groß,Midfielder,5.6
Goretzka,Leon Goretzka,Midfielder,6.1
Kimmich,Joshua Kimmich,Defender,5.5
Wirtz,Florian Wirtz,Midfielder,7.5
Asare,Benjamin Asare,Goalkeeper,3.8
Woodensky Pierre,Woodensky Pierre,Midfielder,4.2
Leverton Pierre,Leverton Pierre,Midfielder,4.2
Bellegarde,Jean-Ricner Bellegarde,Midfielder,4.7
Sainté,Carl Sainté,Midfielder,4.7
Jean Jacques,Danley Jean Jacques,Midfielder,4.7
Duverne,Jean-Kévin Duverne,Defender,3.8
Arcus,Carlens Arcus,Defender,3.8
Delcroix,Hannes Delcroix,Defender,3.7
Adé,Ricardo Adé,Defender,3.5
Expérience,Martin Expérience,Defender,3.5
Paugain,Wilguens Paugain,Defender,3.5
Lacroix,Duke Lacroix,Defender,3.5
Isidor,Wilson Isidor,Forward,5
Nazon,Duckens Nazon,Forward,6
Pierrot,Frantzdy Pierrot,Forward,4.7
Etienne,Derrick Etienne,Forward,4.4
Deedson,Louicius Deedson,Forward,4.2
Fortuné,Yassin Fortuné,Forward,4.2
Casimir,Josué Casimir,Forward,4.2
Providence,Ruben Providence,Forward,4
Placide,Johny Placide,Goalkeeper,3.9
Alexandre Pierre,Alexandre Pierre,Goalkeeper,3.6
Duverger,Josué Duverger,Goalkeeper,3.5
Razzaghinia,Amir Mohammad Razzaghinia,Midfielder,4.2
Ghorbani,Mohammad Ghorbani,Midfielder,5.1
Rezaeian,Ramin Rezaeian,Defender,4
Kanani,Hossein Kanani,Defender,3.9
Mohammadi,Milad Mohammadi,Defender,3.8
Khalilzadeh,Shoja Khalilzadeh,Defender,3.8
Hajisafi,Ehsan Hajisafi,Defender,3.7
Hardani,Saleh Hardani,Defender,3.7
Nemati,Ali Nemati,Defender,3.5
Yousefi,Aria Yousefi,Defender,3.5
Eiri,Danial Eiri,Defender,3.5
Taremi,Mehdi Taremi,Forward,6.1
Jahanbakhsh,Alireza Jahanbakhsh,Forward,5.3
Ghoddos,Saman Ghoddos,Forward,4.9
Alipour,Ali Alipour,Forward,4.6
Dargahi,Dennis Dargahi,Forward,4.6
Hosseinzadeh,Amirhossein Hosseinzadeh,Forward,4.5
Beiranvand,Alireza Beiranvand,Goalkeeper,4.2
Niazmand,Payam Niazmand,Goalkeeper,3.9
Hosseini,Hossein Hosseini,Goalkeeper,3.8
Torabi,Mehdi Torabi,Midfielder,5.6
Ezatolahi,Saeid Ezatolahi,Midfielder,5.6
Mohebi,Mohammad Mohebi,Midfielder,5.9
Ghayedi,Mehdi Ghayedi,Midfielder,5.9
Zaid Ismael,Zaid Ismael Khaleel Al Dulaimi,Midfielder,4.4
Marko Farji,Marko Hussein Farji,Midfielder,4.4
Yakob,Kevin Yakob,Midfielder,5.1
Amir Al Ammari,Amir Fouad Abboud Al Ammari,Midfielder,5.3
Aimar Sher,Aimar Hazar Anwar Sher,Midfielder,5.3
Merchas Doski,Merchas Ghazi Salih Doski,Defender,3.8
Frans Putros,Frans Dhia Jirjis Haddad,Defender,3.7
Rebin Sulaka,Rebin Ghareeb Sulaka Adhamat,Defender,3.7
Hussein Ali,Hussein Haydar Ali,Defender,3.6
Zaid Tahseen,Zaid Tahseen Abd Zaid Hantoosh,Defender,3.6
Munaf Younus,Munaf Younus Hashim Al Tekreeti,Defender,3.5
Akam Hashim,Akam Hashim Rahman,Defender,3.5
Ahmed Maknzi,Ahmed Hasan Maknzi Al Deeshawee,Defender,3.5
Aymen Hussein,Aymen Hussein Ghadhban Al Mafraje,Forward,5.3
Mohanad Ali,Mohanad Ali Kadhim Al Shammari,Forward,4.9
Ali Jasim,Ali Jasim Elaibi Al Tameemi,Forward,4.9
Ali Al Hamadi,Ali Ibrahim Karim Ali Al Hamadi,Forward,4.7
Youssef Amyn,Youssef Wali Faeq Amyn,Forward,4.4
Ali Yousif,Ali Yousif Hashim Najatee,Forward,4.2
Ahmed Basil,Ahmed Basil Fadhil Al Fadhli,Goalkeeper,3.8
Fahad Talib,Fahad Talib Raheem,Goalkeeper,3.7
Zidane Iqbal,Zidane Aamar Iqbal,Midfielder,5.6
Ibrahim Bayesh,Ibrahim Bayesh Kamil Al Kaabawi,Midfielder,5.6
Sano,Kaishu Sano,Midfielder,4.9
Sugawara,Yukinari Sugawara,Defender,4.4
Watanabe,Tsuyoshi Watanabe,Defender,4.3
Ito,Hiroki Ito,Defender,3.9
Taniguchi,Shogo Taniguchi,Defender,3.9
Seko,Ayumu Seko,Defender,3.8
Suzuki,Junnosuke Suzuki,Defender,3.5
Ito,Junya Ito,Midfielder,5
Maeda,Daizen Maeda,Midfielder,5
Nakamura,Keito Nakamura,Midfielder,5.5
Ueda,Ayase Ueda,Forward,7
Ogawa,Koki Ogawa,Forward,4.9
Goto,Keisuke Goto,Forward,4.2
Shiogai,Kento Shiogai,Forward,4
Suzuki,Zion Suzuki,Goalkeeper,4.3
Osako,Keisuke Osako,Goalkeeper,4
Hayakawa,Tomoki Hayakawa,Goalkeeper,3.8
Suzuki,Yuito Suzuki,Midfielder,5
Tanaka,Ao Tanaka,Midfielder,5
Kamada,Daichi Kamada,Midfielder,5.8
Doan,Ritsu Doan,Defender,5.1
Ibrahim Sadeh,Ibrahim Mohammad Sami Sadeh,Midfielder,4.4
Mohammad Al Daoud,Mohammad Ratib Mohammad Al Daoud,Midfielder,4.7
Noor Al Rawabdeh,Noor Al Deen Mahmoud Ali Al Rawabdeh,Midfielder,4.7
Nizar Al Rashdan,Nizar Mahmoud Ahmed Al Rashdan,Midfielder,4.9
Yazan Al Arab,Yazan Mousa Mahmoud Abu Al Arab,Defender,3.7
Abdallah Nasib,Abdallah Mousa Musallam Nasib,Defender,3.6
Mohannad Abu Taha,Mohannad Mahmoud Saleh Abu Taha,Defender,3.5
Mohammad Abu Hasheesh,Mohammad Ali Hasan Abu Hasheesh,Defender,3.5
Husam Abu Al Dahab,Husam Ali Mohammad Abu Al Dahab,Defender,3.5
Saleem Obaid,Saleem Amer Saleem Obaid,Defender,3.5
Mohammad Abu Al Nadi,Mohammad Majed Jamil Abu Al Nadi,Defender,3.5
Amer Jamous,Amer Rasem Adel Jamous,Defender,3.5
Mousa Al Tamari,Mousa Mohammad Mousa Sulaiman Al Tamari,Forward,5.6
Mohammad Abu Zraiq,Mohammad Faisal Yousef Abu Zraiq,Forward,4.2
Mahmoud Al Mardi,Mahmoud Nayef Ahmad Al Mardi,Forward,4.2
Ali Azaizeh,Ali Ahmad Ali Al Azaizeh,Forward,4
Odeh Fakhoury,Odeh Burhan Shehadeh Fakhoury,Forward,4
Yazeed  Abulaila,Yazeed Mo'ien Hasan Abulaila,Goalkeeper,3.9
Abdallah Al Fakhouri,Abdallah Ra'ed Mahmoud Al Fakhouri,Goalkeeper,3.6
Park Jin-Seob,Jin-Seob Park,Midfielder,4.9
Kim Jin-Gyu,Jin-Gyu Kim,Midfielder,4.9
Kim Min-Jae,Min-Jae Kim,Defender,5
Seol Young-Woo,Young-Woo Seol,Defender,4.2
Kim Moon-Hwan,Moon-Hwan Kim,Defender,3.9
Lee Han-Beom,Han-Beom Lee,Defender,3.7
Lee Tae-Seok,Tae-Seok Lee,Defender,3.7
Kim Tae-Hyeon,Tae-Hyeon Kim,Defender,3.6
Son Heung-Min,Heung-Min Son,Forward,7.4
Hwang Hee-Chan,Hee-Chan Hwang,Forward,6.1
Cho Gue-Sung,Gue-Sung Cho,Forward,5.3
Oh Hyeon-Gyu,Hyeon-Gyu Oh,Forward,4.9
Yang Hyun-Jun,Hyun-Jun Yang,Forward,4.7
Eom Ji-Sung,Ji-Sung Eom,Forward,4.6
Jo Hyeon-Woo,Hyeon-Woo Jo,Goalkeeper,4.6
Kim Seung-Gyu,Seung-Gyu Kim,Goalkeeper,4.1
Song Bum-Keun,Bum-Keun Song,Goalkeeper,3.9
Paik Seung-Ho,Seung-Ho Paik,Midfielder,5.6
Castrop,Jens Castrop,Midfielder,5.6
Bae Jun-Ho,Jun-Ho Bae,Midfielder,5.9
Lee Kang-In,Kang-In Lee,Midfielder,6.1
Lee Jae-Sung,Jae-Sung Lee,Midfielder,6.2
Vargas,Obed Vargas,Midfielder,4.7
Vásquez,Johan Vásquez,Defender,4.7
Montes,César Montes,Defender,4.7
Gallardo,Jesús Gallardo,Defender,4.7
Sánchez,Jorge Sánchez,Defender,4
Israel Reyes,Israel Reyes,Defender,4
Jiménez,Raúl Jiménez,Forward,7
Quiñones,Julián Quiñones,Forward,5.6
Vega,Alexis Vega,Forward,5.3
Alvarado,Roberto Alvarado,Forward,5.3
Martínez,Guillermo Martínez,Forward,4.7
Armando González,Armando González,Forward,4.4
Ochoa,Guillermo Ochoa,Goalkeeper,4.2
Acevedo,Carlos Acevedo,Goalkeeper,4
Rangel,Raúl Rangel,Goalkeeper,3.9
Brian Gutiérrez,Brian Gutiérrez,Midfielder,5
Lira,Érik Lira,Midfielder,5.6
Pineda,Orbelín Pineda,Midfielder,6.2
Fidalgo,Álvaro Fidalgo,Midfielder,6.4
El Mourabet,Samir El Mourabet,Midfielder,4.7
Salah-Eddine,Anass Salah-Eddine,Defender,3.9
El Kaabi,Ayoub El Kaabi,Forward,5.9
Yassine,Gessime Yassine,Forward,4
Saibari,Ismael Saibari,Midfielder,6.8
Dumfries,Denzel Dumfries,Defender,5.7
van Dijk,Virgil van Dijk,Defender,5.5
van de Ven,Micky van de Ven,Defender,5.1
Aké,Nathan Aké,Defender,5
van Hecke,Jan Paul van Hecke,Defender,4.3
Hato,Jorrel Hato,Defender,4.3
Gakpo,Cody Gakpo,Forward,7.7
Malen,Donyell Malen,Forward,6.1
Lang,Noa Lang,Forward,5.9
Brobbey,Brian Brobbey,Forward,5.7
Weghorst,Wout Weghorst,Forward,5.5
Verbruggen,Bart Verbruggen,Goalkeeper,4.7
Flekken,Mark Flekken,Goalkeeper,4.7
Gravenberch,Ryan Gravenberch,Midfielder,6.1
Koopmeiners,Teun Koopmeiners,Midfielder,6.2
Reijnders,Tijjani Reijnders,Midfielder,6.5
Timber,Quinten Timber,Midfielder,6.8
McCowatt,Callum McCowatt,Midfielder,4.7
Rufer,Alex Rufer,Midfielder,4.9
Bell,Joe Bell,Midfielder,5.1
Thomas,Ryan Thomas,Midfielder,5.3
Stamenic,Marko Stamenic,Midfielder,5.6
Bindon,Tyler Bindon,Defender,3.6
de Vries,Francis de Vries,Defender,3.6
Payne,Tim Payne,Defender,3.6
Elliot,Callan Elliot,Defender,3.5
Surman,Finn Surman,Defender,3.5
Barbarouses,Kosta Barbarouses,Forward,4.4
Just,Elijah Just,Midfielder,4.2
Waine,Ben Waine,Forward,4.2
Old,Ben Old,Forward,4.2
Randall,Jesse Randall,Forward,4
Bayliss,Lachlan Bayliss,Midfielder,4
Crocombe,Max Crocombe,Goalkeeper,3.9
Paulsen,Alex Paulsen,Goalkeeper,3.8
Woud,Michael Woud,Goalkeeper,3.7
Berge,Sander Berge,Midfielder,4.7
Bobb,Oscar Bobb,Midfielder,5.1
Thorsby,Morten Thorsby,Midfielder,5.6
Berg,Patrick Berg,Midfielder,5.6
Ajer,Kristoffer Ajer,Defender,4.3
Ryerson,Julian Ryerson,Defender,4.2
Pedersen,Marcus Pedersen,Defender,4.1
Østigård,Leo Østigård,Defender,4.1
Møller Wolfe,David Møller Wolfe,Defender,4
Bjørkan,Fredrik Bjørkan,Defender,4
Heggem,Torbjørn Heggem,Defender,3.7
Falchener,Henrik Falchener,Defender,3.5
Haaland,Erling Haaland,Forward,10.5
Sørloth,Alexander Sørloth,Forward,6.8
Schjelderup,Andreas Schjelderup,Forward,6.2
Strand Larsen,Jørgen Strand Larsen,Forward,5.6
Nyland,Ørjan Nyland,Goalkeeper,4.2
Selvik,Egil Selvik,Goalkeeper,3.8
Hauge,Jens Petter Hauge,Midfielder,5.9
Nusa,Antonio Nusa,Midfielder,6.1
Thorstvedt,Kristian Thorstvedt,Midfielder,6.2
Harvey,Carlos Harvey,Midfielder,4.9
Martínez,Cristian Martínez,Midfielder,5.3
Bárcenas,Yoel Bárcenas,Midfielder,5.6
Rodríguez,José Luis Rodríguez,Midfielder,5.6
Godoy,Aníbal Godoy,Midfielder,5.6
Murillo,Amir Murillo,Defender,5
Córdoba,José Córdoba,Defender,4
Davis,Éric Davis,Defender,3.9
Blackman,César Blackman,Defender,3.7
Andrade,Andrés Andrade,Defender,3.7
Miller,Roderick Miller,Defender,3.5
Ramos,Jiovany Ramos,Defender,3.5
Gutiérrez,Jorge Gutiérrez,Defender,3.5
Díaz,Ismael Díaz,Forward,4.9
Fajardo,José Fajardo,Forward,4.7
Waterman,Cecilio Waterman,Forward,5
Yanis,César Yanis,Forward,4.4
Mejía,Luis Mejía,Goalkeeper,4
Mosquera,Orlando Mosquera,Goalkeeper,3.9
Samudio,César Samudio,Goalkeeper,3.6
Carrasquilla,Adalberto Carrasquilla,Midfielder,6.5
Magalhães Prado,Maurício Magalhães Prado,Midfielder,4.6
Romero,Alejandro Romero,Midfielder,4.7
Galarza,Matías Galarza,Midfielder,4.8
Braian Ojeda,Braian Ojeda,Midfielder,5.6
Gómez,Gustavo Gómez,Defender,4.6
Alonso,Júnior Alonso,Defender,4.1
Alderete,Omar Alderete,Defender,4.1
Balbuena,Fabián Balbuena,Defender,4
Velázquez,Gustavo Velázquez,Defender,3.8
Cáceres,Juan José Cáceres,Defender,3.8
Canale,José Canale,Defender,3.6
Almirón,Miguel Almirón,Midfielder,6
Sanabria,Antonio Sanabria,Forward,6.5
Sosa,Ramón Sosa,Forward,5.3
Arce,Álex Arce,Forward,4.9
Ávalos,Gabriel Ávalos,Forward,4.9
Caballero,Gustavo Caballero,Forward,4.2
Maidana,Alexandro Maidana,Forward,4
Fernández,Roberto Fernández,Goalkeeper,4
Olveira,Gastón Olveira,Goalkeeper,3.8
Gill,Orlando Gill,Goalkeeper,3.5
Bobadilla,Damián Bobadilla,Midfielder,5.5
Enciso,Julio Enciso,Midfielder,6.6
Gómez,Diego Gómez,Midfielder,6.8
Samú Costa,Samuel de Almeida Costa,Midfielder,5.6
Nuno Mendes,Nuno Alexandre Tavares Mendes,Defender,5.8
João Cancelo,João Pedro Cavaco Cancelo,Defender,5.3
Diogo Dalot,José Diogo Dalot Teixeira,Defender,5
Gonçalo Inácio,Gonçalo Bernardo Inácio,Defender,4.6
Renato Veiga,Renato Palma Veiga,Defender,4.3
Tomás Araújo,Tomás Lemos Araújo,Defender,4.1
Gonçalo Ramos,Gonçalo Matias Ramos,Forward,7.5
João Félix,João Félix Sequeira,Forward,6.5
Pedro Neto,Pedro Lomba Neto,Midfielder,6.4
Trincão,Francisco António Machado Mota de Castro Trincão,Forward,5.9
Gonçalo Guedes,Gonçalo Manuel Ganchinho Guedes,Forward,5.8
Francisco Conceição,Francisco Fernandes da Conceição,Midfielder,5.7
Rui Silva,Rui Tiago Dantas da Silva,Goalkeeper,4.7
José Sá,José Pedro Malheiro de Sá,Goalkeeper,4.7
Rúben Neves,Rúben Diogo da Silva Neves,Midfielder,5.9
Matheus Nunes,Matheus Luiz Nunes,Midfielder,6.1
Vitinha,Vítor Machado Ferreira,Midfielder,6.4
João Neves,João Pedro Gonçalves Neves,Midfielder,6.5
Bruno Fernandes,Bruno Miguel Borges Fernandes,Midfielder,8.5
Mohammad Al Mannai,Mohammad Naceur Al Mannai,Midfielder,4.2
Ayoub Al Oui,Ayoub Mohamed Al Oui,Midfielder,4.4
Ahmed Fathy,Ahmed Fathy Mansi Abdoulla,Midfielder,4.7
Karim Boudiaf,Karim Boudiaf,Midfielder,4.9
Assim Madibo,Assim Omer Al Haj Madibo,Midfielder,5.1
Pedro Miguel,Pedro Miguel Carvalho Deus Correia,Defender,3.9
Lucas Mendes,Lucas Michel Mendes,Defender,3.8
Boualem Khoukhi,Boualem Khoukhi,Defender,3.8
Hashmi Al Hussain,Al Hashmi Al Hussain Mohi Aldin,Defender,3.5
Issa Laye,Gueye Seydinaissa Laye,Defender,3.5
Akram Afif,Akram Hassan Afif Yahya Afif,Forward,5.9
Almoez Ali,Almoez Ali Zainalabedeen Mohamed Abdulla,Forward,5.3
Edmílson Junior,Edmílson Junior Paulo da Silva,Forward,4.9
Hassan Al Haydos,Hassan Khalid Hassan Al Haydos,Forward,4.6
Yusuf Abdurisag,Yusuf Abdurisag Yusuf,Forward,4.4
Ahmed Al Ganehi,Ahmed Mohammed Hussein Kassim Al Ganehi,Forward,4.2
Meshaal Barsham,Meshaal Aissa Mohammed Barsham,Goalkeeper,4.1
Salah Zakaria,Salah Zakaria Mohamed Mousa Hassan,Goalkeeper,3.7
Mahmud Abunada,Mahmud Ibrahim Abunada,Goalkeeper,3.5
Musab Al Juwayr,Musab bin Fahad bin Zaid Al Juwayr,Midfielder,4.1
Ziyad Al Johani,Ziyad bin Mubarak bin Eid Al Marwani Al Johani,Midfielder,4.9
Mohamed Kanno,Mohamed bin Ibrahim bin Abdullah Kanno,Midfielder,5.1
Abdullah Al Khaibari,Abdullah bin Mohammed bin Hamza Al Berri Al Khaibari,Midfielder,5.1
Aiman Yahya,Aiman bin Yahya bin Yahya Salem Ahmed,Midfielder,5.6
Saud Abdulhamid,Saud bin Abdullah bin Salem Abdulhamid,Defender,4.1
Abdulelah Al Amri,Abdulelah bin Ali bin Awadh Al Amri,Defender,3.7
Hassan Kadish,Hassan bin Kadish bin Yahya Mahbub,Defender,3.7
Ali Majrashi,Ali bin Hassan bin Mohammed Majrashi,Defender,3.6
Nawaf Bu Washl,Nawaf bin Meshari bin Mohammed Bu Washl,Defender,3.5
Ali Lajami,Ali bin Mohammed bin Ali Lajami,Defender,3.5
Feras Al Brikan,Feras bin Tariq bin Nasser Al Brikan,Forward,5.3
Abdullah Al Hamddan,Abdullah bin Abdulrahman bin Abdullah Al Hamddan,Forward,4.9
Khalid Al Ghannam,Khalid bin Essa bin Mohammed Al Ghannam,Forward,4.9
Saleh Al Shehri,Saleh bin Khalid bin Mohammed Al Shehri,Forward,4.9
Sultan Mandash,Sultan bin Ahmed bin Mohammed Mandash,Forward,4.5
Nawaf Al Aqidi,Nawaf bin Dhahi bin Faisal Al Shuweiti Al Aqidi,Goalkeeper,4
Ahmed Al Kassar,Ahmed bin Ali bin Hussein Al Kassar,Goalkeeper,3.9
Mohammed Al Owais,Mohammed bin Khalil bin Ibrahim Al Owais,Goalkeeper,3.5
McGinn,John McGinn,Midfielder,6
Christie,Ryan Christie,Midfielder,5.6
McLean,Kenny McLean,Midfielder,4.8
Robertson,Andy Robertson,Defender,5
Tierney,Kieran Tierney,Defender,4.3
Patterson,Nathan Patterson,Defender,4
Hendry,Jack Hendry,Defender,3.9
Souttar,John Souttar,Defender,3.8
McKenna,Scott McKenna,Defender,3.8
Ralston,Anthony Ralston,Defender,3.8
Hyam,Dominic Hyam,Defender,3.6
Hanley,Grant Hanley,Defender,3.5
Adams,Ché Adams,Forward,5.4
Hirst,George Hirst,Forward,4.6
Dykes,Lyndon Dykes,Forward,4.6
Curtis,Findlay Curtis,Forward,4
Kelly,Liam Kelly,Goalkeeper,3.7
Gunn,Angus Gunn,Goalkeeper,3.6
McTominay,Scott McTominay,Midfielder,6.5
Ferguson,Lewis Ferguson,Midfielder,4.8
Gueye,Idrissa Gueye,Midfielder,4.9
Sarr,Pape Matar Sarr,Midfielder,5.6
Ciss,Pathé Ciss,Midfielder,5.6
Gueye,Pape Gueye,Midfielder,5.9
Sarr,Mamadou Sarr,Defender,4.7
Niakhaté,Moussa Niakhaté,Defender,4.3
Diouf,El Hadji Malick Diouf,Defender,4.1
Jakobs,Ismail Jakobs,Defender,4.1
Koulibaly,Kalidou Koulibaly,Defender,4.9
Seck,Abdoulaye Seck,Defender,3.8
Mendy,Antoine Mendy,Defender,3.7
Jackson,Nicolas Jackson,Forward,6.7
Ndiaye,Iliman Ndiaye,Forward,6.5
Sarr,Ismaïla Sarr,Forward,6.2
Diao,Assane Diao,Forward,4.9
Cherif Ndiaye,Cherif Ndiaye,Forward,4.9
Dieng,Bamba Dieng,Forward,4.9
Mbaye,Ibrahim Mbaye,Forward,4.4
Édouard Mendy,Édouard Mendy,Goalkeeper,4.5
Diouf,Yehvann Diouf,Goalkeeper,3.9
Diaw,Mory Diaw,Goalkeeper,3.8
Diatta,Krépin Diatta,Midfielder,6.1
Lamine Camara,Lamine Camara,Midfielder,6.2
Diarra,Habib Diarra,Midfielder,6.2
Adams,Jayden Adams,Midfielder,4
Teboho Mokoena,Teboho Mokoena,Midfielder,4.3
Zwane,Themba Zwane,Midfielder,4.3
Mbatha,Thalente Mbatha,Midfielder,4.9
Moremi,Tshepang Moremi,Midfielder,4.9
Yaya Sithole,Sphephelo S'Miso Sithole,Midfielder,5.1
Modiba,Aubrey Modiba,Defender,3.7
Matuludi,Thabang Matuludi,Defender,3.7
Mudau,Khuliso Mudau,Defender,3.6
Sibisi,Nkosinathi Sibisi,Defender,3.6
Mbokazi,Mbekezeli Mbokazi,Defender,3.5
Ndamane,Khulumani Ndamane,Defender,3.5
Okon,Ime Okon,Defender,3.5
Kabini,Samukele Kabini,Defender,3.5
Foster,Lyle Foster,Forward,5.4
Mofokeng,Relebohile Mofokeng,Forward,4.9
Appollis,Oswin Appollis,Forward,4.9
Makgopa,Evidence Makgopa,Forward,4.5
Maseko,Thapelo Maseko,Forward,4.2
Williams,Ronwen Williams,Goalkeeper,4.5
Goss,Ricardo Goss,Goalkeeper,3.7
Pino,Yéremy Pino,Midfielder,5.9
Baena,Álex Baena,Midfielder,6
Zubimendi,Martín Zubimendi,Midfielder,6.1
Porro,Pedro Porro,Defender,5.5
Laporte,Aymeric Laporte,Defender,5.5
Grimaldo,Alejandro Grimaldo,Defender,4.9
Cucurella,Marc Cucurella,Defender,5.1
Cubarsí,Pau Cubarsí,Defender,5
Lamine Yamal,Lamine Yamal Nasraoui Ebana,Midfielder,10
Torres,Ferran Torres,Forward,7.8
Oyarzabal,Mikel Oyarzabal,Forward,8.1
Iglesias,Borja Iglesias,Forward,6.8
Muñoz,Víctor Muñoz,Forward,4
Raya,David Raya,Goalkeeper,5
Simón,Unai Simón,Goalkeeper,5
Joan García,Joan García,Goalkeeper,4
Llorente,Marcos Llorente,Defender,5.5
Rodri,Rodrigo Hernández Cascante,Midfielder,7.5
Olmo,Dani Olmo,Midfielder,7.7
Pedri,Pedro González López,Midfielder,8.1
Zeneli,Besfort Zeneli,Midfielder,4.7
Stroud,Elliot Stroud,Midfielder,4.7
Ali,Taha Ali,Midfielder,4.9
Smith,Eric Smith,Midfielder,4.9
Bergvall,Lucas Bergvall,Midfielder,5.1
Ayari,Yasin Ayari,Midfielder,5.3
Karlström,Jesper Karlström,Midfielder,5.6
Svanberg,Mattias Svanberg,Midfielder,6.1
Svensson,Daniel Svensson,Defender,4.5
Gudmundsson,Gabriel Gudmundsson,Defender,4.2
Starfelt,Carl Starfelt,Defender,4.1
Lindelöf,Victor Lindelöf,Defender,4
Lagerbielke,Gustaf Lagerbielke,Defender,3.7
Gyökeres,Viktor Gyökeres,Forward,7.8
Elanga,Anthony Elanga,Forward,5.8
Nygren,Benjamin Nygren,Forward,4.9
Nilsson,Gustaf Nilsson,Forward,4.9
Nordfeldt,Kristoffer Nordfeldt,Goalkeeper,3.9
Manzambi,Johan Manzambi,Midfielder,5.6
Xhaka,Granit Xhaka,Midfielder,6.2
Aebischer,Michel Aebischer,Midfielder,5.9
Freuler,Remo Freuler,Midfielder,5.9
Jashari,Ardon Jashari,Midfielder,5.2
Rieder,Fabian Rieder,Midfielder,6.2
Akanji,Manuel Akanji,Defender,5
Rodríguez,Ricardo Rodríguez,Defender,4.5
Elvedi,Nico Elvedi,Defender,4.3
Widmer,Silvan Widmer,Defender,4.2
Muheim,Miro Muheim,Defender,4
Cömert,Eray Cömert,Defender,3.9
Amenda,Aurèle Amenda,Defender,3.7
Jaquez,Luca Jaquez,Defender,3.5
Embolo,Breel Embolo,Forward,7.5
Okafor,Noah Okafor,Forward,5.9
Ndoye,Dan Ndoye,Forward,6.8
Kobel,Gregor Kobel,Goalkeeper,4.7
Mvogo,Yvon Mvogo,Goalkeeper,4.2
Keller,Marvin Keller,Goalkeeper,3.7
Sow,Djibril Sow,Midfielder,6.1
Zakaria,Denis Zakaria,Midfielder,6.1
Vargas,Rubén Vargas,Midfielder,6.8
Skhiri,Ellyes Skhiri,Midfielder,4.7
Khedira,Rani Khedira,Midfielder,4.7
Mahmoud,Hadj Mahmoud,Midfielder,4.9
Ben Ouanes,Mortadha Ben Ouanes,Midfielder,5
Ben Slimane,Anis Ben Slimane,Midfielder,5.3
Neffati,Moutaz Neffati,Defender,4.1
Abdi,Ali Abdi,Defender,4.1
Rekik,Omar Rekik,Defender,3.8
Arous,Adem Arous,Defender,3.6
Ben Hmida,Mohamed Amine Ben Hmida,Defender,3.6
Chikhaoui,Raed Chikhaoui,Defender,3.5
Gharbi,Ismaël Gharbi,Forward,4.6
Saad,Elias Saad,Forward,4.5
Chaouat,Firas Chaouat,Forward,4.4
Tounekti,Sebastian Tounekti,Forward,4.4
Mastouri,Hazem Mastouri,Forward,4.2
Elloumi,Rayan Elloumi,Forward,4
Ayari,Khalil Ayari,Forward,4
Chamakh,Abdelmouhib Chamakh,Goalkeeper,4.1
Dahmen,Aymen Dahmen,Goalkeeper,3.9
Ben Hessen,Sabri Ben Hessen,Goalkeeper,3.5
Yüksek,Ismail Yüksek,Midfielder,4.6
Özcan,Salih Özcan,Midfielder,4.7
Kahveci,Irfan Can Kahveci,Midfielder,5.9
Kökçü,Orkun Kökçü,Midfielder,6
Ayhan,Kaan Ayhan,Defender,4.5
Çelik,Zeki Çelik,Defender,4.3
Kadioglu,Ferdi Kadioglu,Defender,4.3
Akaydin,Samet Akaydin,Defender,4.1
Müldür,Mert Müldür,Defender,4.1
Kabak,Ozan Kabak,Defender,4
Elmali,Eren Elmali,Defender,4
Bardakci,Abdülkerim Bardakci,Defender,4
Demiral,Merih Demiral,Defender,4
Yildiz,Kenan Yildiz,Midfielder,7
Aktürkoglu,Kerem Aktürkoglu,Forward,6.2
Yilmaz,Baris Alper Yilmaz,Forward,6.1
Aydin,Oguz Aydin,Forward,5
Akgün,Yunus Akgün,Forward,4.9
Gül,Deniz Gül,Forward,4.4
Çakir,Ugurcan Çakir,Goalkeeper,4.2
Bayindir,Altay Bayindir,Goalkeeper,4
Günok,Mert Günok,Goalkeeper,4
Güler,Arda Güler,Midfielder,7
Çalhanoglu,Hakan Çalhanoglu,Midfielder,7.1
Sanabria,Juan Manuel Sanabria,Midfielder,4.5
Martínez,Emiliano Martínez,Midfielder,4.7
Pellistri,Facundo Pellistri,Midfielder,5.2
Araújo,Maxi Araújo,Midfielder,6.4
Ugarte,Manuel Ugarte,Midfielder,5.9
de la Cruz,Nicolás de la Cruz,Midfielder,5.9
Araujo,Ronald Araujo,Defender,5
Giménez,José María Giménez,Defender,4.4
Viña,Matías Viña,Defender,4.3
Olivera,Mathías Olivera,Defender,4.3
Varela,Guillermo Varela,Defender,4.2
Cáceres,Sebastián Cáceres,Defender,4.2
Santiago Bueno,Santiago Bueno,Defender,4.1
Núñez,Darwin Núñez,Forward,7.5
Viñas,Federico Viñas,Forward,5.9
Rodríguez,Brian Rodríguez,Forward,6.2
Aguirre,Rodrigo Aguirre,Forward,5.6
Canobbio,Agustín Canobbio,Forward,5.3
Rochet,Sergio Rochet,Goalkeeper,4.1
Muslera,Fernando Muslera,Goalkeeper,4.1
Mele,Santiago Mele,Goalkeeper,3.5
de Arrascaeta,Giorgian de Arrascaeta,Midfielder,6.5
Valverde,Federico Valverde,Midfielder,7.5
Cristian Roldan,Cristian Roldan,Midfielder,4.7
Berhalter,Sebastian Berhalter,Midfielder,4.7
Aaronson,Brenden Aaronson,Midfielder,5.7
Tillman,Malik Tillman,Midfielder,6.1
McKennie,Weston McKennie,Midfielder,6.1
Reyna,Giovanni Reyna,Midfielder,5.5
Robinson,Antonee Robinson,Defender,5
Richards,Chris Richards,Defender,4.1
Scally,Joe Scally,Defender,4.1
Ream,Tim Ream,Defender,3.9
McKenzie,Mark McKenzie,Defender,3.9
Trusty,Auston Trusty,Defender,3.9
Freeman,Alexander Freeman,Defender,4
Weah,Timothy Weah,Midfielder,5.8
Pepi,Ricardo Pepi,Forward,5.9
Balogun,Folarin Balogun,Forward,6
Arfsten,Max Arfsten,Forward,4.4
Turner,Matt Turner,Goalkeeper,4
Freese,Matt Freese,Goalkeeper,4.2
Brady,Chris Brady,Goalkeeper,3.5
Pulisic,Christian Pulisic,Midfielder,7
Abdullaev,Abdulla Abdullaev,Midfielder,4.2
Esanov,Sherzod Esanov,Midfielder,4.7
Mozgovoy,Akmal Mozgovoy,Midfielder,4.7
Shukurov,Otabek Shukurov,Midfielder,5
Khamdamov,Dostonbek Khamdamov,Midfielder,5.1
G'aniev,Aziz G'aniev,Midfielder,5.3
Hamrobekov,Odiljon Hamrobekov,Midfielder,5.3
Urunov,Oston Urunov,Midfielder,5.6
Iskanderov,Jamshid Iskanderov,Midfielder,5.7
Masharipov,Jaloliddin Masharipov,Midfielder,6.1
Fayzullaev,Abbosbek Fayzullaev,Midfielder,6.2
Khusanov,Abdukodir Khusanov,Defender,4.3
Ashurmatov,Rustam Ashurmatov,Defender,3.7
Nasrullaev,Sherzod Nasrullaev,Defender,3.7
Sayfiev,Farrukh Sayfiev,Defender,3.6
Alijonov,Khojiakbar Alijonov,Defender,3.6
Eshmurodov,Umar Eshmurodov,Defender,3.5
O'lmasaliev,Avazbek O'lmasaliev,Defender,3.5
Karimov,Bekhruz Karimov,Defender,3.5
Urozov,Jakhongir Urozov,Defender,3.5
Shomurodov,Eldor Shomurodov,Forward,6.5
Sergeev,Igor Sergeev,Forward,6.1
Amanov,Azizbek Amanov,Forward,4.9
Ne'matov,Abduvokhid Ne'matov,Goalkeeper,4
Yusupov,Utkir Yusupov,Goalkeeper,3.9
Ergashev,Botirali Ergashev,Goalkeeper,3.5
Martínez,Lisandro Martínez,Defender,4.6
Medina,Facundo Medina,Defender,4
Montiel,Gonzalo Montiel,Defender,4.3
Lo Celso,Giovani Lo Celso,Midfielder,6.2
Lautaro Martínez,Lautaro Martínez,Forward,8.8
Hadzikadunic,Dennis Hadzikadunic,Defender,3.7
Mahmic,Ermin Mahmic,Midfielder,4.2
Weverton,Weverton Pereira da Silva,Goalkeeper,4.5
Alex Sandro,Alex Sandro Lobo da Silva,Defender,4.5
Bruno Guimarães,Bruno Guimarães Rodriguez Moura,Midfielder,6.8
Raphinha,Raphael Dias Belloli,Midfielder,8.2
Neymar,Neymar da Silva Santos Júnior,Midfielder,7.2
Mina,Yerry Mina,Defender,4.2
Ditta,Willer Ditta,Defender,3.7
Portilla,Juan Portilla,Midfielder,4.7
Hernández,Cucho Hernández,Forward,6.3
Stanek,Jindrich Stanek,Goalkeeper,4
Zima,David Zima,Defender,3.9
Sojka,Alexandr Sojka,Midfielder,4.5
Doudera,David Doudera,Midfielder,5.1
Sochurek,Hugo Sochurek,Midfielder,4.3
Kuchta,Jan Kuchta,Forward,5.5
Hlozek,Adam Hlozek,Forward,6.5
Risser,Robin Risser,Goalkeeper,3.5
Saliba,William Saliba,Defender,5.3
Koundé,Jules Koundé,Defender,5.4
Barcola,Bradley Barcola,Midfielder,8
Mateta,Jean-Philippe Mateta,Forward,6.5
Boakye,Augustine Boakye,Midfielder,4.9
Itakura,Ko Itakura,Defender,4.5
Tomiyasu,Takehiro Tomiyasu,Defender,4.9
Nagatomo,Yuto Nagatomo,Defender,3.7
Endo,Wataru Endo,Midfielder,6
Kubo,Takefusa Kubo,Midfielder,7
Chávez,Mateo Chávez,Defender,3.5
Huerta,César Huerta,Midfielder,6.3
Álvarez,Edson Álvarez,Midfielder,6
Mora,Gilberto Mora,Midfielder,4.5
Chávez,Luis Chávez,Midfielder,6.3
Romo,Luis Romo,Midfielder,5.5
Giménez,Santiago Giménez,Forward,6.8
Boxall,Michael Boxall,Defender,3.7
Cacace,Liberato Cacace,Defender,4.1
Pijnaker,Nando Pijnaker,Defender,3.7
Smith,Tommy Smith,Defender,3.6
Garbett,Matthew Garbett,Forward,5
Wood,Chris Wood,Forward,6.5
Singh,Sarpreet Singh,Midfielder,5.3
Homam El Amin,Homam El Amin Mohamed Ahmed,Defender,3.6
Sultan Al Brake,Sultan Hussain Mohamad Hussain Al Brake,Defender,3.7
Abdulaziz Hatem,Abdulaziz Hatem Mohammed Abdullah,Midfielder,5.3
Jassem Gaber,Jassem Gaber El Sayed Abdulsallam,Midfielder,5
Ahmed Alaa,Ahmed Alaaeldin Bader Mohammed Abdelmotaal,Forward,5.5
Mohammed Muntari,Mohammed Muntari,Forward,5.3
Tahsin Jamshid,Tahsin Mohammed Jamshid,Forward,4.5
Johansson,Viktor Johansson,Goalkeeper,3.9
Widell Zetterström,Jacob Widell Zetterström,Goalkeeper,3.7
Ekdal,Hjalmar Ekdal,Defender,3.7
Hien,Isak Hien,Defender,4.1
Sema,Ken Sema,Midfielder,6
Isak,Alexander Isak,Forward,8
Bernhardsson,Alexander Bernhardsson,Forward,4.9
Courtois,Thibaut Courtois,Goalkeeper,4.9
Penders,Mike Penders,Goalkeeper,3.5
Vanaken,Hans Vanaken,Midfielder,5.5
Fernandez-Pardo,Matias Fernandez-Pardo,Forward,5.6
Trossard,Leandro Trossard,Midfielder,6.6
Moreira,Diego Moreira,Midfielder,4.7
Stopira,Ianique dos Santos Tavares,Defender,3.5
Logan Costa,Logan Evans Costa,Defender,3.5
Jamiro Monteiro,Jamiro Gregory Monteiro Alvarenga,Midfielder,4.6
Hélio Varela,Hélio Sandro Oliveira Alves Varela,Midfielder,4.9
Gilson Benchimol,Gilson Benchimol Tavares,Midfielder,5
Diakité,Oumar Diakité,Forward,5.3
Bonny,Ange-Yoan Bonny,Forward,4.9
Kotarski,Dominik Kotarski,Goalkeeper,4.4
Gvardiol,Josko Gvardiol,Defender,5
Kovacic,Mateo Kovacic,Midfielder,6
Thermoncy,Keeto Thermoncy,Defender,3.5
Simon,Dominique Simon,Midfielder,4.3
Joseph,Lenny Joseph,Forward,4.2
Nour Bani Ateyah,Noureddin Zaid Khaleel Bani Ateyah,Goalkeeper,3.6
Ehsan Haddad,Ehsan Nabil Farhan Haddad,Defender,3.5
Saed Al Rosan,Saed Ahmad Salameh Al Rosan,Defender,3.5
Anas Badawi,Anas Saeed Badawi,Defender,3.5
Raja'ei Ayed,Raja'ei Ayed Fadel Hasan,Midfielder,4.5
Ali Olwan,Ali Iyad Ali Olwan,Forward,4.2
Lee Gi-Hyuk,Gi-Hyuk Lee,Defender,4.5
Hwang In-Beom,In-Beom Hwang,Midfielder,5.8
Lee Dong-Gyeong,Dong-Gyeong Lee,Midfielder,4.9
Talbi,Montassar Talbi,Defender,3.9
Bronn,Dylan Bronn,Defender,3.6
Valery,Yan Valery,Defender,3.9
Achouri,Elias Achouri,Midfielder,4.8
Mejbri,Hannibal Mejbri,Midfielder,4.8
Kalulu,Gédéon Kalulu,Defender,3.9
Kakuta,Gaël Kakuta,Midfielder,4.6
Obispo,Armando Obispo,Defender,3.7
Fonville,Deveron Fonville,Defender,3.7
Locadia,Jürgen Locadia,Forward,4.1
Cheshmi,Roozbeh Cheshmi,Midfielder,4.8
Jalal Hassan,Jalal Hassan Hachim,Goalkeeper,3.9
Mustafa Saadoon,Mustafa Saadoon Abbood Al Korji,Defender,3.6
Ahmed Qasem,Ahmed Ihab Ahmed,Midfielder,4.4
Diogo Costa,Diogo Meireles da Costa,Goalkeeper,4.9
Rúben Dias,Rúben dos Santos Gato Alves Dias,Defender,5
Nélson Semedo,Nélson Cabral Semedo,Defender,4.3
Bernardo Silva,Bernardo Mota Veiga de Carvalho e Silva,Midfielder,7.8
Cristiano Ronaldo,Cristiano Ronaldo dos Santos Aveiro,Forward,10
Rafael Leão,Rafael Alexandre da Conceição Leão,Midfielder,7.8
Gordon,Craig Gordon,Goalkeeper,3.5
Hickey,Aaron Hickey,Defender,4.3
Gannon-Doak,Ben Gannon-Doak,Midfielder,4.9
Stewart,Ross Stewart,Forward,5.4
Shankland,Lawrence Shankland,Forward,5.5
Fassnacht,Christian Fassnacht,Midfielder,6.1
Amdouni,Zeki Amdouni,Forward,4.9
Itten,Cedric Itten,Forward,5.4
Söyüncü,Çaglar Söyüncü,Defender,4.4
Uzun,Can Uzun,Midfielder,5.3
Tshibola,Aaron Tshibola,Midfielder,4.9
Karim Hafez,Karim Hafez Ramadan Seif El Din,Defender,3.9
Nabil Emad Dunga,Nabil Emad Aly El Mahdy,Midfielder,4.3
Mostafa Zico,Mostafa Mohamed Zaki Abdelraouf,Midfielder,4.2
Hamza Abdelkarim,Hamza Mohamed Abdelkarim Elsayed Selim,Forward,4.3
Mohamed Salah,Mohamed Salah Hamed Mahrous Ghaly,Midfielder,10
Neuer,Manuel Neuer,Goalkeeper,5
Amiri,Nadiem Amiri,Midfielder,6.3
Musiala,Jamal Musiala,Midfielder,8
Nmecha,Felix Nmecha,Midfielder,5.6
Pavlovic,Aleksandar Pavlovic,Midfielder,5.5
Leweling,Jamie Leweling,Midfielder,6.4
Beier,Maximilian Beier,Forward,6.5
Cubas,Andrés Cubas,Midfielder,4.7
El Kajoui,Munir El Kajoui,Goalkeeper,4
Belammari,Youssef Belammari,Defender,3.6
Bouaddi,Ayyoub Bouaddi,Midfielder,5.5
Amaimouni-Echghouyab,Ayoube Amaimouni-Echghouyab,Forward,4.3
Tangvik,Sander Tangvik,Goalkeeper,3.5
Aasgaard,Thelo Aasgaard,Midfielder,5.5
Aursnes,Fredrik Aursnes,Midfielder,6.5
Ødegaard,Martin Ødegaard,Midfielder,7.7
Pitta,Isidro Pitta,Forward,5.9
Sapoko Ndiaye,Bara Sapoko Ndiaye,Midfielder,4.5
Mané,Sadio Mané,Midfielder,7.6
Chaine,Sipho Chaine,Goalkeeper,3.7
Makhanya,Olwethu Makhanya,Defender,3.5
Cross,Bradley Cross,Defender,3.6
Sebelebele,Kamogelo Sebelebele,Midfielder,4.5
Rayners,Iqraam Rayners,Midfielder,5.3
Quansah,Jarell Quansah,Defender,4.4
James,Reece James,Defender,5.2
Eze,Eberechi Eze,Midfielder,8
Watkins,Ollie Watkins,Forward,7.9
Toney,Ivan Toney,Forward,7.5
Langås,Sondre Langås,Defender,4
Angulo,Nilson Angulo,Midfielder,6
Hassan Al Tambakti,Hassan bin Mohammed bin Osama Al Tambakti,Defender,4.5
Jehad Thikri,Jehad bin Abdullatif bin Ahmed Thikri,Defender,4
Moteb Al Harbi,Moteb bin Saad bin Salim Al Naqi Al Harbi,Defender,4.1
Salem Al Dawsari,Salem bin Mohammed bin Shafi Al Dawsari,Midfielder,7.2
Alaa Al Hejji,Alaa bin Mohsen bin Ahmed Al Hejji,Midfielder,5
Nasser Al Dawsari,Nasser bin Essa bin Shafi Al Shardan Al Dawsari,Midfielder,5.2
Mohammed Abu Al Shamat,Mohammed bin Waheeb bin Saeed Abu Al Shamat,Midfielder,5.5
Davies,Alphonso Davies,Defender,4.9
Johnston,Alistair Johnston,Defender,4
Bombito,Moïse Bombito,Defender,4.1
Jones,Alfie Jones,Defender,3.8
Eustaquio,Stephen Eustaquio,Midfielder,5
Shaffelburg,Jacob Shaffelburg,Midfielder,5.2
Promise David,Promise David,Forward,5.4
Zigi,Lawrence Ati Zigi,Goalkeeper,4
Anang,Joseph Anang,Goalkeeper,3.6
Baba,Abdul Baba,Defender,3.9
Seidu,Alidu Seidu,Defender,3.9
Peprah Oppong,Kojo Peprah Oppong,Defender,3.5
Adjetey,Jonas Adjetey,Defender,3.5
Mumin,Abdul Mumin,Defender,3.7
Senaya,Marvin Senaya,Defender,3.5
Opoku,Jerome Opoku,Defender,3.8
Mensah,Gideon Mensah,Defender,3.9
Yirenkyi,Caleb Yirenkyi,Midfielder,4.7
Partey,Thomas Partey,Midfielder,6.2
Owusu,Elisha Owusu,Midfielder,5.3
Sibo,Kwasi Sibo,Midfielder,4.7
Ayew,Jordan Ayew,Forward,5.3
Iñaki Williams,Iñaki Williams,Forward,5.9
Nuamah,Ernest Nuamah,Midfielder,5
Adu,Prince Adu,Forward,4
Fatawu,Abdul Fatawu,Forward,6.4
Bonsu Baah,Christopher Bonsu Baah,Forward,4.5
Semenyo,Antoine Semenyo,Forward,7.2
Thomas-Asante,Brandon Thomas-Asante,Forward,5.1
Sulemana,Kamaldeen Sulemana,Forward,5.1
Eric García,Eric García,Defender,4.5
Pubill,Marc Pubill,Defender,4.2
Merino,Mikel Merino,Midfielder,6.2
Ruiz,Fabián Ruiz,Midfielder,6.8
Gavi,Pablo Páez Gavira,Midfielder,6.5
Williams,Nico Williams,Midfielder,7.8
Souttar,Harry Souttar,Defender,4.1
Devlin,Cameron Devlin,Midfielder,4.7
Irvine,Jackson Irvine,Midfielder,5.6
Leckie,Mathew Leckie,Midfielder,4.7
Mohamed Touré,Mohamed Touré,Forward,5
Yengi,Tete Yengi,Forward,4.3
Tagnaouti,Ahmed Tagnaouti,Goalkeeper,3.5
Bounou,Yassine Bounou,Goalkeeper,4.7
Aguerd,Nayef Aguerd,Defender,4.3
Hakimi,Achraf Hakimi,Defender,6
Riad,Chadi Riad,Defender,3.9
Mazraoui,Noussair Mazraoui,Defender,4.4
Halhal,Redouane Halhal,Defender,3.5
Diop,Issa Diop,Defender,4.5
El Ouahdi,Zakaria El Ouahdi,Defender,4.1
Amrabat,Sofyan Amrabat,Midfielder,5.9
El Aynaoui,Neil El Aynaoui,Midfielder,5.6
Díaz,Brahim Díaz,Midfielder,6.4
Ounahi,Azzedine Ounahi,Midfielder,6.2
El Khannouss,Bilal El Khannouss,Midfielder,6.2
Rahimi,Soufiane Rahimi,Forward,5.6
Ezzalzouli,Abde Ezzalzouli,Forward,5.3
Talbi,Chemsdine Talbi,Forward,4.4
Escobar,Fidel Escobar,Defender,3.8
Fariña,Edgardo Fariña,Defender,3.9
Quintero,Alberto Quintero,Forward,4.2
Londoño,Azarías Londoño,Forward,4.4
Tomás Rodríguez,Tomás Rodríguez,Forward,4.5
Dest,Sergiño Dest,Defender,4.3
Miles Robinson,Miles Robinson,Defender,4
Adams,Tyler Adams,Midfielder,5.3
Wright,Haji Wright,Forward,5.3
Zendejas,Álex Zendejas,Midfielder,5.5
Roefs,Robin Roefs,Goalkeeper,4.6
Timber,Jurriën Timber,Defender,5.2
Til,Guus Til,Midfielder,4.9
Wieffer,Mats Wieffer,Midfielder,4.8
de Jong,Frenkie de Jong,Midfielder,7
de Roon,Marten de Roon,Midfielder,5.1
Kluivert,Justin Kluivert,Midfielder,6.5
Depay,Memphis Depay,Forward,7.4
Summerville,Crysencio Summerville,Midfielder,5.3
Benbot,Oussama Benbot,Goalkeeper,4.2
Chergui,Samir Chergui,Defender,4
Tougaï,Mohamed Tougaï,Defender,4
Bentaleb,Nabil Bentaleb,Midfielder,5.5
Volpato,Cristian Volpato,Midfielder,6
Opéri,Christopher Opéri,Defender,4
Hincapié,Piero Hincapié,Defender,4.7
Pacho,Willian Pacho,Defender,4.4
Tyler Fletcher,Tyler Fletcher,Midfielder,4.7
Johansson,Herman Johansson,Midfielder,4.4
Piquerez,Joaquín Piquerez,Defender,4.5
Bentancur,Rodrigo Bentancur,Midfielder,6
Zalazar,Rodrigo Zalazar,Midfielder,6
Hadjam,Jaouen Hadjam,Defender,3.8
Jurkas,Mladen Jurkas,Goalkeeper,3.5
Luckassen,Derrick Luckassen,Defender,3.7
Moghanlou,Shahriyar Moghanlou,Forward,4.7
Cho Wi-Je,Wi-Je Cho,Defender,3.7
Ouédraogo,Assan Ouédraogo,Midfielder,4.5
